RPID,Name
1,Netflix
2,Hulu
3,Amazon Prime Video
4,Disney+
5,HBO Max
6,Apple TV+
7,Peacock
8,Paramount+
9,YouTube Movies
10,Google Play Movies
11,Vudu
12,iTunes
13,Starz
14,Showtime
15,Crave
16,Mubi
17,Tubi
18,Pluto TV
19,Moon and Sons Streaming
20,Robinson-Bowen Streaming
21,Austin-Sandoval Streaming
22,"Larson, Hernandez and Sharp Streaming"
23,Baker-Rodriguez Streaming
24,Goodwin Ltd Streaming
25,Walters Group Streaming
26,Neal-Green Streaming
27,Gonzalez-Bennett Streaming
28,Wood-Patton Streaming
29,Bass-Crosby Streaming
30,"Smith, Rubio and Kaiser Streaming"
31,"Buchanan, Scott and Kim Streaming"
32,Andrews-Higgins Streaming
33,Greene-Cooke Streaming
34,Allen-Rich Streaming
35,Daniels PLC Streaming
36,"Reese, Mendoza and Hill Streaming"
37,Buchanan-Rodriguez Streaming
38,Knight-Gutierrez Streaming
39,Norman-Barajas Streaming
40,"Stewart, Fisher and Osborne Streaming"
41,Salinas LLC Streaming
42,Choi Inc Streaming
43,Cannon-Barnett Streaming
44,Lloyd-Boyle Streaming
45,"Larson, Delgado and Ayers Streaming"
46,Williams Inc Streaming
47,Smith Group Streaming
48,Lucas-Black Streaming
49,Kelly Inc Streaming
50,"Bauer, Huynh and George Streaming"
51,"Gillespie, Hampton and Dunlap Streaming"
52,Luna LLC Streaming
53,"Austin, Price and Brown Streaming"
54,Martinez PLC Streaming
55,Collins-Henderson Streaming
56,Moore-Lee Streaming
57,Gonzalez Ltd Streaming
58,Thompson Inc Streaming
59,Kelly-Ellis Streaming
60,Compton-Brown Streaming
61,"Hamilton, Barrera and Davis Streaming"
62,"Mckinney, Johnson and Marks Streaming"
63,"Wise, Lyons and Hooper Streaming"
64,Young-Scott Streaming
65,Sullivan-Vaughn Streaming
66,Thompson and Sons Streaming
67,Lambert-Weaver Streaming
68,Frost-Davis Streaming
69,Huffman Group Streaming
70,Murray-Marshall Streaming
71,"Butler, Peterson and Glover Streaming"
72,Harper-Rogers Streaming
73,Johnson PLC Streaming
74,House PLC Streaming
75,Moore and Sons Streaming
76,"Powell, Porter and Brown Streaming"
77,"Roy, Schultz and Richardson Streaming"
78,Baker-Russell Streaming
79,Clark-Yang Streaming
80,Flores-Hill Streaming
81,White-Young Streaming
82,"Knox, Anderson and Martinez Streaming"
83,"Valdez, Hogan and Morgan Streaming"
84,"Washington, Carter and Miller Streaming"
85,"Hunt, Cummings and Harrington Streaming"
86,Smith-Hess Streaming
87,Brown-Price Streaming
88,Henry LLC Streaming
89,"Gross, Peters and Kim Streaming"
90,Rodriguez-Mcdaniel Streaming
91,Sullivan Ltd Streaming
92,Davies PLC Streaming
93,Gonzales-Norton Streaming
94,Pierce Inc Streaming
95,Smith-Garrett Streaming
96,Garcia PLC Streaming
97,Hall Inc Streaming
98,Arellano Ltd Streaming
99,"Schmidt, Smith and Richards Streaming"
100,"Hendrix, Dean and Norris Streaming"
101,"Lane, Navarro and Miller Streaming"
102,Schroeder Group Streaming
103,Moore LLC Streaming
104,Olsen Inc Streaming
105,Olsen-Castillo Streaming
106,"Brady, Monroe and Schultz Streaming"
107,Anderson Group Streaming
108,You Forgot Me
109,"Collins, Lopez and Myers Streaming"
110,"Hawkins, Garcia and Hernandez Streaming"
111,Duncan-Collier Streaming
112,"Daniels, Vasquez and Jones Streaming"
113,Charles-Howell Streaming
114,Watkins PLC Streaming
115,"Taylor, Watkins and Nelson Streaming"
116,Lewis Ltd Streaming
117,"Hamilton, Barber and Velazquez Streaming"
118,Mendoza Group Streaming
119,Sanchez and Sons Streaming
120,Greer-Sanchez Streaming
121,"Collins, Rogers and Taylor Streaming"
122,"Santos, Ellis and Howard Streaming"
123,"Robinson, Roberson and Watkins Streaming"
124,Baker Ltd Streaming
125,Barry-Jackson Streaming
126,"Mcgee, Allen and Garrett Streaming"
127,Miller and Sons Streaming
128,Howard-Horne Streaming
129,Robinson LLC Streaming
130,Boyle-Randall Streaming
131,Herring-Conway Streaming
132,Garrison LLC Streaming
133,Castillo-Chang Streaming
134,"Price, Brown and Nicholson Streaming"
135,"Fischer, Hudson and Salinas Streaming"
136,Kim LLC Streaming
137,Bishop-Murphy Streaming
138,Smith-Levy Streaming
139,Mitchell and Sons Streaming
140,"Perez, Barnes and Richardson Streaming"
141,Herrera Ltd Streaming
142,Trujillo PLC Streaming
143,Archer-Douglas Streaming
144,Thomas-Barnes Streaming
145,Quinn Group Streaming
146,Tyler-Woods Streaming
147,Donald-Tsang Streaming
148,Smith Ltd Streaming
149,Moore PLC Streaming
150,Matthews and Sons Streaming
151,Harding-Johnson Streaming
152,Taylor and Sons Streaming
153,Garcia-Johnson Streaming
154,Santiago-Wolfe Streaming
155,"Dennis, Jones and Nielsen Streaming"
156,Hogan-Wheeler Streaming
157,"Miller, King and Myers Streaming"
158,Norton Ltd Streaming
159,"Rogers, Rivas and Kelly Streaming"
160,Morgan Inc Streaming
161,"Ramirez, Underwood and Davis Streaming"
162,Valenzuela-Shields Streaming
163,Bauer Ltd Streaming
164,Kramer Inc Streaming
165,Martin and Sons Streaming
166,"Lawrence, Murray and Flowers Streaming"
167,"Jackson, Barnes and Holt Streaming"
168,Patel-Patrick Streaming
169,Garza-Mann Streaming
170,Martinez-Adams Streaming
171,Anderson Ltd Streaming
172,"Murphy, Myers and Wells Streaming"
173,White LLC Streaming
174,Johnson Inc Streaming
175,Cardenas LLC Streaming
176,"Huang, Rodriguez and Hudson Streaming"
177,Skinner-Moore Streaming
178,"Melendez, Wilson and Williams Streaming"
179,"Jordan, Foster and Smith Streaming"
180,Lang-Roberts Streaming
181,Carlson-Shaffer Streaming
182,Smith-Vance Streaming
183,"Ayala, Robinson and Hobbs Streaming"
184,Brown-Chapman Streaming
185,Porter and Sons Streaming
186,Ellis-Williams Streaming
187,Bennett and Sons Streaming
188,"Hall, Boyle and Morris Streaming"
189,Ramirez PLC Streaming
190,Schneider-Henry Streaming
191,Compton Ltd Streaming
192,Hodges-Chan Streaming
193,Simmons-Andrews Streaming
194,Flores-Li Streaming
195,Armstrong-Cortez Streaming
196,Williams-Henderson Streaming
197,Molina-Mcdonald Streaming
198,"Adams, Mendoza and Lopez Streaming"
199,Ramirez Ltd Streaming
200,Jackson-Garcia Streaming
201,Theater
202,DVD